{"unmet_heating_hours": 358.83, "unmet_cooling_hours": 249.0, "eui": 399.28, "lighting_power_density": 10.7639, "cooling": 118.75, "daylight_factor": 0.3015576323987539, "heating": 168.60000000000002}